{
  "RECORDS": [
    {"id": 1721,
    "account_id": 1234,
    "credit": 1500.00,
    "debit": 0,
    "dt": "2024-08-30 7:02:15",
    "memo":  "Initial deposit, cash"},
    {"id": 1722,
    "account_id": 1234,
    "credit": 0,
    "debit": 650.00,
    "dt": "2024-09-02 11:02:15",
    "memo":  "Evil Landlord"},
    {"id": 1723,
    "account_id": 5678,
    "credit": 1340.00,
    "debit": 0,
    "dt": "2024-08-12 11:02:15",
    "memo":  "#2743 NuHarbor Security: internship"},
    {"id": 1724,
    "account_id": 7777,
    "credit": 0,
    "debit": 2579.99,
    "dt": "2024-08-15 11:02:15",
    "memo":  "Outdoor Gear Exchange"},
    {"id": 1725,
    "account_id": 5678,
    "credit": 0,
    "debit": 85.00,
    "dt": "2024-08-22 11:02:15",
    "memo":  "UVM Transportation: ticket #77234"},
    {"id": 1726,
    "account_id": 1234,
    "credit": 0,
    "debit": 382.49,
    "dt": "2024-08-31 15:44:15",
    "memo":  "VISA *3471"},
    {"id": 1727,
    "account_id": 5678,
    "credit": 0,
    "debit": 285.00,
    "dt": "2024-08-29 11:02:15",
    "memo":  "Bern Gallery"},
    {"id": 1728,
    "account_id": 5678,
    "credit": 0,
    "debit": 64.73,
    "dt": "2024-09-01 11:02:15",
    "memo":  "City Market"},
    {"id": 1729,
    "account_id": 4321,
    "credit": 22657.00,
    "debit": 0,
    "dt": "2024-08-04 7:02:15",
    "memo":  "Inheritance from Aunt Jane"},
    {"id": 1730,
    "account_id": 4321,
    "credit": 0,
    "debit": 197.22,
    "dt": "2024-08-17 15:44:15",
    "memo":  "UVM Bookstore"},
    {"id": 1731,
    "account_id": 5678,
    "credit": 0,
    "debit": 110.00,
    "dt": "2024-08-15 11:02:15",
    "memo":  "Dr. Freud"},
    {"id": 1732,
    "account_id": 4321,
    "credit": 0,
    "debit": 78.99,
    "dt": "2024-08-18 11:02:15",
    "memo":  "Hen of the Wood"},
    {"id": 1733,
    "account_id": 4321,
    "credit": 200.00,
    "debit": 0,
    "dt": "2024-08-21 11:02:15",
    "memo":  "From Mom"},
    {"id": 1734,
    "account_id": 7777,
    "credit": 0,
    "debit": 19.95,
    "dt": "2024-08-22 11:02:15",
    "memo":  "Netflix"},
    {"id": 1735,
    "account_id": 7777,
    "credit": 0,
    "debit": 24.07,
    "dt": "2024-08-29 11:02:15",
    "memo":  "My Little Cupcake"},
    {"id": 1736,
    "account_id": 7777,
    "credit": 0,
    "debit": 399.00,
    "dt": "2024-09-01 11:02:15",
    "memo":  "Sugarbush Resort"}
  ]
}
