username,id,password_hash
aadams3,3704,c6ae011834232b54451f4281d9093b12d06aa80d
aadams4,4317,5ebd7afe6dbad5163aba542332041e53cedcbf5c
aahmed3,1477,d3b50e58d19987bcdfa2a128d54398aef8a4bddb
aalexander2,2900,6f53ac55bf7f31f238ba0536a3a6489492023220
aali13,2992,b4ce1e2daf2ccbb70f41bb9d9c6c3c901885f47b
aali15,2278,d8a5ca7ec788a28b5ef68f9df35bf0be06467ef9
aali5,2664,4ddd46c8660db6cf46758f9dd5970d403e60798e
aali8,3201,9e505bef03635fd42a6ca50aac368254f15fe554
abaker4,3397,335d7c6c2b62dff18ff1aeb61095a024a9cb3414
ablack2,2035,40f4a6bb50f629f6bc6e9113332ab2ba319358db
abrown12,2396,ff30de99f9003f227813ee5f78facf6792b0f61d
abutler2,985,7b986ff488a11dfd93db1690cae63d4efc95a66c
acampbell3,4416,5500249db6e17c2a07dcc2579e7105f07786e522
aclark2,1766,ec00237388cc3bba075fbef05b3d8f9f5f7a8b7b
acollins3,924,9c1c83e10c05931b51a21e6fe5983b73f535ecf7
acruz4,4008,29740e21cafa66d042aa01669e80684739646f91
acruz5,4167,6874a8ced7a2a74d1a62197c48986500f685c82e
adavid2,1529,e915db7a525b7b3fd71b6a986291f7de647b192c
adavis3,4471,fa2aa76b7b4125c1e92c7ecc46b851ea6fe299e1
aevans3,2162,e551557230dc84e83b6ed7ebab457a427868efef
afox2,2470,6c964b8f6852c92ca644ea094040a89b74973d02
agonzalez3,2398,3d24386143511243461b0a44540d5922f8a447e6
agreen4,1587,126cd227b77ceeaae6ea666168beaac46208307e
agupta7,3884,d3232aa5222d3f0ac68819cddd15c4218a611d18
agupta8,1484,0f869632dedf073cb0587e8dfa43ec94c872abfc
ahamilton2,3145,0a7a6f78fabfc27429aca7380b0f992ae0e2e3f2
aharris5,991,1093acaa368ed74e44e31c81b59282225cecaee8
ahossain2,2371,e52c699bab9d4d607c42eca2408b54092e4d0778
ajain4,1902,070b910baba254c5b7255e0461da605d0c7115e6
ajain6,2722,bfac5d848c0064c2cf6db137c51b87d51275386e
ajohnson13,1738,d4a46d37f9877a741117e8249d92d63a993d8e40
ajohnson4,3641,a35ef776527259463e968fd1084695f6a5748681
ajohnson8,1517,314003206f795b358b442f8f533994cbbfbdc6ce
akhan10,4504,efe1192f0f00cf87b8c80690212f215eef7451dc
akhan17,2501,3bbc05a521f67caea94f5333577c714301713e7c
akhan20,1986,6933f9568223d8c80339e56b59d99ef76c7703b8
akhan7,3274,684725cd964aa1235aff43d24d9fc6b9913a440f
akumar19,243,66936521baf99b6fbbc4a3181bfc644e024489bf
akumar6,1548,7060c613bd90257c53c435db84aae48382e9f719
akumar7,4968,d2e4de93a86de2fb5c2a45858bed348c362ea10a
akumar8,3799,34b5b4a7fa66053b9b88bc61ee1ae80aea42b4d2
alee11,2083,fc023048e9613cc5f4adea82d6edadf558933363
alee6,1595,7b5932e9ce66a7abd0b0c6ec5196b79faa4ee628
amarie2,3857,b7d7e0f1f7bf9d2e792970bc3116ec09ce86ed00
amartin2,1098,254a6cf20fb413daabdae83391d1b0f208190c1f
amartinez2,3286,6c877b12b834de39c7b6ed04be4c25b21b6bb112
amartinez9,3390,eed22e1e9c34648a2c0bb0fee588acd756e31dd7
amiller9,1444,b2f0515f32f3018ab6fdf472d80cc13f6e144b27
ang2,400,9adf94779e75ba28582b1ba549e960ea92f015dd
aortiz2,564,b51cffb71c07f3eab62ad1dd0df222b8b1dd64e2
aprice2,2665,df1c9c4dae8bfe80006eea90a2bd953d55639d24
aramirez2,865,16f50f4168b78a35d9a684a09a921eb51d5832a8
aroberts4,4324,d4aa5c1dd6b5ebeb884b25cdd170fa6945d1a3e7
arobinson3,1329,ea5f11bec0fbf770972d6f95c5006b3745f1ec3b
arodriguez3,411,b33345ec22075aa558fc35d5839a1e249877c9ed
arodriguez7,254,2870b228b4a76dc23c94b07036f4044d0f5d7cd0
aroy3,47,422a61084b7daded4ca0b36e3ac720141d085c48
arussell2,2863,63468289fb4150bd86a453cd2855549dede65590
asharma4,1217,946a71813414d4d718113dc4034cf0c679ece61c
asharma8,339,c3705498cebef6f2bad4e80b9a850310d1866599
asingh5,2095,ecd0734417445a7b8de430999346d96f506d9760
asmith13,4962,216332c1fcc43be3cb9d7edf532bc6fe615f5354
asmith3,4549,4383a28f983a5a6550c92c1e35366e7ce46cf2b8
asrivastava2,3898,e6194ff93dbfccb5e5d38de0860464d62a36386c
astevens2,2805,4b0d54823ef3fb1d7b49f273d6cae466fd47de4e
ataylor2,1470,0d3adea6cee20a9cbcd7ccbf8c71c60f17f21524
ataylor3,68,304e1073cacb00e8a7429d29fdd58f86aeb79cc5
athomas2,2332,10470c3b4b1fed12c3baac014be15fac67c6e815
athomas7,4775,95c9396ec2219872b57bb9e25f7a692eb205ff0b
athomas8,1768,5d59bce17a57aab49c0aef69e4a0ea7cc1eefb73
athompson5,3694,d0bbaeccd93bcaa64d6930b66b7a7a5852bc8095
award2,3967,e7ced4a65ec63e35ecf253a0723471c67224b72e
awilliams3,3445,7a93f2260a777c8f2c0f16631853fd2a5fe29b66
awilliams6,2977,a4dc47cc7bb059da6dd2d9ce63bbbd7e11747df7
awilson6,3614,5870880b6e9cd31cdc36b9c7ebbaffcb61fd6b0d
ayoung2,2933,cf3624896aa48304f42ed8df2a263f11d4d8a723
banderson5,2330,b39f048871cfaea4f7f74de2f5e12b04d2f4928f
bbrown5,3089,59a8420fe333263e93834c8dda0e1559fb0c0890
bbrown8,3558,1f82ea75c5cc526729e2d581aeb3aeccfef4407e
bjohnson2,4487,6881f1e6b0d0ac20f9b7e32b715cb15b889d389a
bjohnson5,3818,3523274f65181df895536d14127226a23774e308
bjohnson7,2628,4e3be43a719f14e323f5b381073d2dcf4f22c850
bjones10,4107,7dc8a16010bb923c38f59ed2cd8665afb1066886
bjones8,2568,8b816a8efd1ca8e1677b75496f0e6fe7de763f78
blee6,454,c7613bc5378a69d93f7327b94ff3566a8a80ab5b
bmiller4,2276,ba348dc553af57465f97aac9ca89409a859979fd
bmiller8,3994,ef64ed94f2e8b61bd327b5c999659ec7858debb4
bmitchell2,1996,acc898387764fc879d2600dd5815edf328c9fb89
bnelson3,3154,955608cd374e912dc40c3387a69632fea6c32b9c
bpatel3,448,d2f3cb3ca1bf07dc011aaf996d7033d9df5dc3cd
brobinson3,4138,718b23b8b7fa56376cc4667a454248dbeeca74a0
brodriguez2,616,c3b4a7c74efc74cd8df596275d5d6285aae8f7e3
bscott2,4230,f0a6bafafaf306b6c38421fa5dc9c281b8e8d10d
bsingh2,387,40eb69f18b5fd16d45b4998202e90d0ca2131da9
bsmith14,270,7c83468b2f18adfcb1e5617224ebea54654ef9e7
bsmith16,1847,58f9488a655d1aa9d1789ec19a5ffa620571d0ad
bturner2,1059,bd4eb56b41fc3663dfe2761ff34621a544ecfe27
callen4,4625,77690ec61db5d52fe7496aa7bf1b5ddad373025e
canderson3,1298,50c459b79a34cc11b770bf4b2ab7fa6ad048de8c
cbrown10,2837,55eef33b1c2c9f578630c4d453013ee3422d8d2b
cbrown6,1270,629dc3e9a5b6c931e418c0817719f3c93c83e17b
cclark2,4512,1c36c7860b91810102aa5bd5d39878da3d970281
ccooper3,4367,0d9e8f78729138426a48bd9fc2daaad83168cac7
cdavis4,4391,1d336f0793fbfea8c329f8b09d5879e83ee55402
cdavis7,2358,a420c4a7e1017c884025792f77c1260ef257461f
cedwards2,1380,ecf529bcc663c5889c4359a0882851035422c5a8
cedwards4,720,4b1f71ab8b1992e52244299e64f0d66acb0f8b21
cgray2,4842,9552403864c27e997548d67abd49bbfb4ac47375
chall3,3260,5ac9ae14289d492bf0ed00a1a6e34e222e9d71e2
charris5,3269,875cbf5abea078619c203d74bf0b878b0f07c8c2
cjohnson3,4037,15705bf09b242543b2d227a6e971cdbf241f5fba
cjones3,4322,3194314d1f99c935dde5b933f34468155b8e9c45
cjones9,2781,35a362ccfbe7a1c261d343190a1a038b8d998fde
cking5,1976,0082447cb8ff818a5d1630f469c6d4429a0b42c9
clee10,4323,13cc46de93116cd38d39715278086ad0cff07373
clee3,3945,eab273f3033e157f97430f345d4054b53645f852
cmarshall2,1835,bca930e98e24e1414f8c92f716b0b02a2d62c830
cmartin3,4413,1fb586718403e6b398655502d2114f5ac27badd1
cmitchell3,4843,eb3ac764567d26cb907caccd2672eaebfddfad4d
cnelson2,3460,f0144f978bdbbf0bd5306aadbeceb31f8f19fd48
crodriguez3,2389,c69b74260bfe745a472329f48a59227a994ac6a3
cryan2,4041,ebdf278ac676fcd65058272435523de531c73e68
cscott2,2524,1eebd0a62cfdc38074de08bce119f98412b6f342
cscott3,2824,f9f1f1f65ba7fa6acc0f253bd9af216cef4565a8
cstewart2,198,e2c0a67b41153cd7a139ab0a6f7102129d880807
ctaylor3,2214,4cc6919505ff504e77ad5afd7808c5dad4b5e1b1
ctaylor7,1635,44ddcab611b3296a749eb8d2482ce9e91834bc63
cthompson2,4049,a8b58d8b442b5fccfe5561f5326f9e162d5497f5
cwalker2,1126,950311ab302d9d88bf1eeba63f54f10867cfe9c7
cwhite2,654,48013cbe6f3e68f0b9108f4dad0fd132e2299514
cwilliams6,3909,006c2c000568e4e0d7f4b902c52180b5b87fb996
cwilliams9,1722,dfcce4867198552a967fe126cc5b56151fb2741d
cwilson3,674,721c0d4e5013c9fb054b3288adf6b82ad96fccf9
cwood2,2692,4136c54c45d7610e753f937d72f3ba183d048e7e
dadams2,1015,f4cbd96a151bdda743a4e2867ebef6f89894f7ff
dbell2,3901,d91566759159e09d5c1f45e8553252523923d535
dbennett2,232,ed7a7534b4e1aa433c60ae6d4a2a9b7bbb2513b8
dbrown3,4294,6dc2714c9f9f6ef0012acd68844f2d687378a6fc
dbrown9,309,9a8bdea3a3957430c6a2140461cc43c6cce1e6fb
dcook2,1509,a974742ffdc09f188129022eda1248bea0ac3151
ddavis5,212,c891de6e5ae94a4dc5d8f36880341f1ee48689da
ddiaz2,113,c82f116bc4036451dce267316b58114c9f72a254
devans4,4432,6592cc6ea472de062579fd848427edbc77091c17
dfoster2,1935,17902003774c055070317698e3e0a85b440b9986
dgarcia2,94,509ac8f29ea3ebf6aa491ff2d922282571ad6ff3
dhall2,4613,97cc16cf612b4173b594267810c9bdbba7d6f17b
dhernandez2,1718,952a7c238933b79813ee1e70179d52635c0b6c7c
dhernandez3,3833,b225952e3e12121d5c35d44e0e4d35489fd33844
dhill3,3200,533e31ee606e2e0b64dca7a5906ebec34aad24aa
dhill4,3288,d8a66040b210967e4502176c1e01bdf04b08d3bf
dhoward2,3203,435c89c6f7699fee6a2780b55d75c8af070faf5a
djackson7,1003,179f5674de12a1e2ce5e2f8a94747af3d2b3e452
djohnson11,1140,3a92e26dc595d24c29df0f343630105fce94a4b5
djones5,2825,ee4e8c5401d9a7e548d1b0169d6cf1643ad648f7
dlee6,1706,1ec9053e9e94e53af8a769d5f6f756127e452bff
dlee8,3653,325b857b5e914fa7bdc4a9a036d5390f756f2b73
dlee9,2789,587aade2922257af59d4a1b8f72890e9925c8fd3
dlewis4,392,1f604490cbdd4ec35cfa681bcf3df8fac26e0cb5
dlopez2,2430,6746fb36b38df2a6fb64ff3eb899c1766a02446a
dmiller2,3580,85849d421ba0b633ccb5da95a2d3ba6497a16a5d
dmorgan2,3532,1a16dbaa6231c778d30ff9b93eec31a184c46a64
dnelson3,2946,f2ba704225c5c7ee676f3201ea256bf5779e6877
drichardson2,4618,e8390dca44e7295a82a074e0f44e451a6c4585a2
drogers2,86,aec1da59ee687d8c3e340c4ee6c3b15b1017e28d
dsharma2,3978,56f5950b728849d0b97c1bccf1691c090ab6734c
dsmith8,3496,3b357dd7821d6d0aee8dff24b67bc1862a897208
dtaylor4,1366,31c74d5671ef7cc64ffb0cec6c606df1641ee345
dthomas6,4401,040bd08a4290267535cd247b8ba2eca129d9fe9f
dparsons,5678,b9b4d1f1383dd40a2add69513356071bc4247039
dwalker2,936,20a69afd847b0ca2f3e42100cc6bb308896e0a56
dward2,4615,7dcaea97044b21c7a2d3d83b70ef35b376997ea0
dwilliams16,3199,48539c3ac3ca2a01392941ded3b0dfffcab8e2fe
dwilliams4,1917,5dd3770a6852536fadbc5c0581d6509d06c08b30
dyoung3,399,ea6510f012fd2b4ccc04133d8b0b6e712b8a529e
ebrown3,1684,49d24b379b12621cc2d7311c065fa473847c2113
egarcia2,4453,43e22a25b393a09da241a2bfdc0abd9afe5c1771
egonzalez3,1356,a78e9ac79ae74eea126d4e1d4c990fdaefb27cf3
ejohnson3,1447,e994576e7e5c2ead08df75e7b4e5c2ef30e97a33
ejohnson4,2640,d8044e81129db229f0f858b4d314c73eb1b83cc5
ejones5,954,7392e7b0abe12e8c069b9b3e1b833c8816843bba
elopez2,190,2c72050fe9a90d3ba1b24a938f99f92fd68dbbf4
emiller2,271,e2d48611177583d52c6fd4e6c953e0f4f4c20aea
esmith4,1291,4d79728a2966d41258e0a72931ffbe3ee170b1ed
ewilliams2,1455,ff7b10c9f5c3fd88d3a165f5e15e0c9f633e9ea0
fahmed2,4915,a92c96d8262bc1a988d63ec677dbecc37f8920e8
ganderson2,1430,e019a4031b3f748feacf7783344e4014042d027e
glee2,3443,e5cebad1f677d4abe6683f6a9446aa597370826b
glee3,4363,93b8a355cf03507a1695d762d9c3aaca54d13958
gmiller2,2320,452ed6c7a8ae005c973165064580f6a2ebbb542b
gmoore2,2456,d87361aa23c314cf0d7c97fb6872910824e4ca13
grodriguez2,570,233ce7a53d132eb6fc5ab698a90f3262f1b1cfd2
gsingh6,3883,c490174d03bdcf922521066790a10d73a64998a4
gsmith7,1622,1ac911a6b921cb52cb8a101096876bdd3dc8aada
hali3,3384,1c8447fe51c4f4515cbb632ce3d530bf9f118f49
hjones2,1288,c0c58d7befdad82627d4bc88f231aa96c160fda6
hnguyen3,1578,20b46a6dd2458f1c0b1a73d24d37b8095ee961ea
iali2,1192,e2904b1940984c69d8796cc47d15cbe5e1ac8dd7
jallen6,536,04d8decf7ad436f1f9244691d2efdb26337bff9c
janderson9,2674,9621ce8e71ae7ca362e8f4ccc6a7bb170552665d
jbarnes3,1456,73f485548cf81d171dc7e13fb781598784c92de2
jbrown10,3875,087471b3eca85887107d8f9389ef479ced97f5fe
jbrown14,4893,d3accb3da7d4817af8857ac726590960f5856d69
jbrown5,3316,8cb8b7c3c0b6f94a829c65f3728c328592806177
jclark7,1244,f54d9eacb170819fb04a438da9ca726d21e83596
jdavis6,4919,b4cb147573c3c80eda6d1f98783b9c634e4d744d
jeddy,1237,dc9fb00eadafdea3b0d6dfd12fbcef0806e512ab
jferguson2,1851,d2d71326903476318f6b877a0a98f5e90e745891
jflores3,2184,f758967bb04c9c1429a9770c36226bfd054d789d
jfox3,983,44ec850f81f7efcda5be7a9d80b463bdb0ee36b5
jgomez2,3524,1123e782d78f3404d924bcca4ef807a3dbb4f1e3
jgray4,1508,f357384eb9084b9e75e30e49b9b6b5ad6d9fcf73
jharris2,4530,4c4bf4ded960e23ea4928f0fc66ba645a1922d10
jharris8,4681,935885e172aba1c1bf823728f45575ad2824e3cd
jharvey2,1014,3390e6ddffb4eb78380a307a53ef67def86ac9cb
jhernandez2,3727,a8d06f642b858d80865ea3f159a2657298684cfd
jhill3,2091,ac59456ec5a6688dcb5122ff0144a45d192388be
jholmes2,4766,3b2c4a3e80be705fc68494cd4b59d05a22ada322
jjackson3,2357,db15ae43c53546da3da33a127fcc34d64ba13186
jjacobs2,692,f7298a24c3bec2958bcfbfc26285537b105b5b0e
jjenkins3,1623,dec6de09ecd1b3dd8a236129f0b6e8d98f7bb435
jjohnston2,4065,48e7a6364bdfa17a1d8627f043347e293abfc271
jjones6,2386,15aba0af1809c725b8011db0fbb988087277603f
jshort,1234,14012cd1b375ede06f6334b34167397cb7be4265
jjoseph2,3242,7c630b74d80affd3cdfdff235d4b279cef7d555b
jlee7,3703,a9522e54c81a2b6058365dac919d1fa18dd54d9d
jlewis7,1705,2a338b3ecae60bce6796e9cbf9b4101ff831951f
jlopez5,1539,ee0f386d5a8c7a95b078b38649a7740319b18675
jmendez2,4176,514aeededab89fe57405da3f9668e2c12b7751a3
jmiller7,2472,ebd97b61d25a05e372c97e05c930fb01ccd65d8f
jmiller8,2454,6e951caca1aed686487afafde68aa350d1dc9208
jmiller9,3735,9ca2003d1b3a33a8d9c703cdbac6c6c5e111cb3d
jmitchell4,2294,2dbb128f9cd5aec66a893ab664769f540bd4c471
jmorris2,2831,c35a5c2bc967ab096ea2de923e4374fee8c3199d
jmorris4,4544,1252829e4023d75dbb36140042b59868a83d076d
jmorris5,2525,a6b81e276ff6a5f408d7214b83f3e8b2385eb639
jmurphy4,3433,fbbc821cf0d324e58067c8fad80d3fc2ca2e0891
jnguyen2,4407,45f45397f770759471cc199bfb16cf34174e15ec
jpark3,1201,8373f4dd6fd72893d9a4f4427a178d0685559185
jpeters2,395,909b29a84c6710434d9321287038f3ee3dadbb4b
jpeterson2,2519,c139a070013614051310e48913ac47aa6f491e8f
jramirez2,4973,4e41e5f2d5698578342000af8f02eb4fcb3afb83
jreyes4,3054,a28e3a4f3ab57fac5725ff18b952ff3ef487e23f
jrice2,2346,8857ce359c4fe38e8f1d4fc0baa7b2e8e5efd81d
jrichards2,4229,a083e3e5c9f5489e1e06394fb6573e157c97804a
jriley2,157,84e0d5b8e3e18f84b1714bb10eae36140b0bec54
jrivera5,3446,119a5f513eb15f066ead7b62df9d04e8f87011b3
jrodriguez12,4955,87eb5c2df53dfd2d9fee1e4ffb809da87bde0169
jrodriguez2,4231,1df01aabe857ccea54cd113ed153103b3c2c2ae7
jrodriguez4,1653,2b88686e29b312181a268f5fb8047887732c9690
jrogers3,155,c62fd84a818ca7b58cdb3ed72fabd311200708ca
jromero2,1525,eb21772a7004324bb77d618f499acf498ec50e95
jross2,4360,33e299c8d17897c7e37373f344945e6063a05eb3
jross3,4879,712b44a9e48d4c66c41b247413956ead6e173e51
jsanchez2,4773,0506a4f7dd5e474a1c2949196002b8ed4f82626b
jscott5,845,1d09cef1289b6a18c2cbe2bd7cf111d9a6c0f715
jscott7,3955,006d5afe6d6bc377523ea7cd63cdf8a73064fec6
jsingh5,2714,442d54ad20e818e6e90327cfd278a71ce25b3df9
jsmith12,3658,4028a0e356acc947fcd2bfbf00cef11e128d484a
jsmith9,4188,7787b7263bc639e2c55ab48455b346dd6661e4bc
jsnyder2,1209,e3bfefac763882f82a67fc0cdc42d284ad01d36a
jstewart2,4243,c16286546b9d7446478c1c893557e8e51729de6c
jtan6,2890,010830e0ac5225af46889169a18ebc05ca8ab7c9
jtaylor12,4083,82bffeaed1cb2b4c0cb18105194dfc2b141dc720
jtaylor3,240,5737b671c90a4aa90bd874a9e5541edf9ed6b811
jthompson10,3525,8e185a120a23ee13a3465924b36280a17317bcb0
jthompson11,3689,ec5c8cd8754fe5117757e526be3674c18500697d
jtorres2,4494,f5ac1d45bf10eb68cb4c684825788ade5fb58a38
jwalker2,1933,d139afab70a2857245ee746b398f11c5eefd5f8b
jwarren2,4500,20991761b991df83664b5c99097d976c0f6d2141
jwilliams20,3160,c12e05d1c4849676fbfcfb8dfefcf02bcc561baa
jwilliams7,4382,1e13fbb326030e10fb675e56166643c2cfce1304
jwu2,3169,758d5cfcda32814a599bb6775d680cbb312dc6d1
jyang2,1839,8361b26faad2ae3f5bc4d952ed8dafc2a900b5be
jyoung7,2171,825777c330fd094bcbe24d05ca278e061401483d
jyoung8,4165,3331ef9171f5f01beecbd9ece98986fce20b0a4d
kali2,499,826b5707a0c478b4be3bcbb52f4163f6441e0e00
kbell2,2693,b8daf14b31b246cd62e26a60990a479fd53b7be6
kbennett2,2950,a6ca0dd08bff34c0a145f6bf03a7c4f01c795bfc
kbrown10,1445,e4a1c38dd80b64d392d0d69ba46f58f9ee77c83d
kbrown3,1887,c9c435d08cda8bdcedf0e61c229aebc89e44cf21
kbrown9,4602,2d18171580902e3780cbcee896a0e96f8e82c172
kclark2,1760,44e6c4b40d3c61960370085cd80378179a9fcad3
kevans2,3407,25b4709f17e1aad09ca0afd9d161c032526a2ba4
kgarcia3,4529,347fe4440c56dc2e2eff35c91af03653fc80f01e
khall2,1411,712bf0cd86eec391be38a03514f5255d9eac5646
kjohnson14,2644,5475865942902d233da61955bc543f09c6774a80
kjohnson2,4356,16f57aef963f5baecdfa91f154cbeaf903c3e549
kking4,2544,64dbbcf8cdcd602a5324583148b5f4222b429a30
klewis2,2539,0bb9c758ee152d21459c331696f9ef690e8b8275
klim2,3854,7e54dd360e91422eb356016be6e0365cef188843
kmartinez2,4960,5cc4bc756e055020b5ebd547538a1ece01c36e26
kmoore2,1554,bb03ebff35de58bdcbe06b4f9993a01ed8171005
kmoore6,4394,66d271188fbe8a3085373301f665d9560bd235c0
kpeterson2,2364,9a9696f853f8d0877dc6f236a9a0ec4383b059d5
ksingh2,3859,09026d5ab4ff6666c8c89dd6e4dd3cdef16e1d14
ksmith10,941,81f06f335cb741fb2216f6a46a0671180fe2e6e1
ksmith13,3468,c13d19b42402279f27e14e7c114376acc10dd45e
ksmith16,1958,d01b3ae883380bc2af8f8611629abd4925de5278
ksmith19,1841,6b05e14df7b86cefd47ec43d900a0e03e122cc6e
ksmith7,2892,bd27f490c3b0b1522533339da74ccf9eefc72816
ksmith9,3065,eb72bddd853de7c5c1648c3217908eb867945807
kstewart2,1073,c67f04db1340c7badb50a829159135df2b9179e4
kthomas4,2924,6aa914d3d6521920a99fc126b5f6e9323c08cc2b
kwhite4,1137,8cd64d64e828bf7161befbc2027b0ff5e7341081
kwilliams7,508,cfcd0f877ed60247ae44fdfaff2d708b3b84120a
kwilson7,4805,8d43bb048c95216ceb4c7783cdad640515bb46e6
kwright3,1450,cf116a522ded899517f245f54451a3fe62feede8
landerson3,4200,c6cccc0cbb97b986382cad922f0738b5ffa4c428
ledwards2,1713,8e0bcaf48c3d73dd20446069de668cdfac6bf51c
levans3,2680,0da4aea08df1536477acc5ae8a1a6ab73a307c44
lrees,4321,a658ee4c245631c20986908127c8b1d89ef2cf40
lgonzalez3,3951,429eefddb372e4052b812e5afac11cd26d78e9c5
lgreen2,132,99995560728456d385267c280aa19f788e8e594c
ljones11,1247,04db7a704c34a9f0132b570a8c9437ef3ff9077d
llopez2,2432,337710daf333fc74eb94144ff2019511d5fdd011
lmiller2,1556,8d45c2a4ed1896d0cead43d27073b50982676e28
lparker2,2930,f98bcd9e48f4c2c7e2175d15fbbb948abbfe0346
lperez2,3853,ed3f3138ab0601d03de3a8aa67cceccd9bca8f4b
lrodriguez3,3235,5353d25575e1b7bf3df6ee850df7534c7f7dd112
lscott3,1159,ac60c2371b6a3aa85a064970d41297c0c5b4461f
lsmith15,4654,a42929aaad1de7f2af29f0e8cced34488395c7f2
ltaylor6,3427,683269c4d5e3fbcc73325cb973f1efd74e548d5e
lyoung3,4556,aecd82d7f8f28062c94e9682781155dc1f1f818f
madams3,4872,5d3622b94bfdc56d50bffe25f958a51c5dd7ee5f
mahmad2,3415,d0e74a7fda97c1e8ce5c0f9c82bbcf826e28a764
mahmed6,1392,7fdec97b575e7b1d6bd295b2c1e1065130b4ecb8
mali7,200,93f50f98d11e753433aa7f9e7cc3d8ef00750ed7
manderson6,4308,07246df590e6656bc430235b4bd294508a31af3f
mbrown11,2689,dc1f04eca8be4b4ef9969be3f943c85250f6f928
mbrown3,1726,5f2b8d518403a83ceafe530586a294e434b7575f
mchan2,1041,66ea0b2cf9e84e78584fab40f02d4ed499bba495
mclark5,1739,5839b6456db31449bef699cb0832b57d16b1828b
mcole2,1431,dce0b27ba675df41e9cc07af80ec59c475810824
mcoleman2,4837,674d61693abc22e30de509dc377fc9bb3fbde234
mcollins2,3651,a7ce849470865b6c1be306fa4e396894114ad9ac
mcook2,3983,903e8f8689dbfccd063f500f2727adef1f5e4397
mcook3,3619,06bd904e96477dc3a0ddb9f35373c9bfd88e2ea0
mdavis6,364,71735605b1c79ae757197a491aec2a0fdee1f42a
mevans4,3802,572709e67384a5747afe6492f063abbab8586854
mgraham2,3101,f3f681aadb4685b1fa835151e99596dad489f3d4
mhall3,2668,473206a6b5accdf8f885a922360666bc3a2540fa
mharris6,2903,95d38cf81df14ee9cbb52c2f81ccfb87218a8332
mhernandez3,586,d55c0140a4add57cd7b076b612e1a92e0a3eb72d
mhernandez7,714,fb25d0ed7f4ace0cc38ee17f460c6af99b9049d8
mjain3,584,df42ebd6ccd778be32d8c4a1d876cf1d8589382d
mjenkins2,1023,8c23722256d0482e01496dd974697450993e7809
mjohnson14,3069,b253725355c2f1abeaeb2d70425257975c9d00fe
mjohnson9,833,5525a3dfdb4b80a8b4e456d2cc083399002edbf8
mjones15,618,f557000e2239359691989c78f7e82e865412084f
mjones17,4259,07543b0b48237ae2fc6a30571727f615f352e516
mjones3,4162,1e637b73080df3b4aa958e2cb15eec13de136bd7
mjoseph2,2102,e2d2fdf4f948f1f647b4cde92361996e0f9dad55
mkhan6,165,3d103eaa885bc521c816bf623b5dd31bac8e6bc4
mking4,225,d53bff8883456463bd7f3fc7fd722d078c3cf490
mkumar5,152,856105a7c7eadcc1962a5624ced14a7fa915359b
mmartin3,3973,1505baf8c22a8c63c9b2ab284db914afec4a471f
mmohamed3,1899,f5f5526d10b72a335da55432f220de6876bdc7e1
mmorales2,1685,3915da4d2d16dd5a69b6204cacb8a2a1d9e79f34
mmorris2,1010,e0b21dc3f2e72b1a196b4c9cfc508bbbd1edc17d
mmurray2,2341,adcb18e389eed5e10ea8db4004190dc23bf881c8
mnelson4,4505,22a3176f4c52c8cc3c66efb1654a4daa5cfa6924
mreed2,2295,6bce1774c190a2d2c4997220efe3b48fa33fccf0
mrodriguez4,823,88ca0a68837e50e9d8b796e18a184ee284cf28e0
msanchez4,795,c4ab648e2a8a860322e1da32f5049fb42df0df2f
mshah3,993,8ae2994235b7c08d5d2b93b3831a4fef3ec29093
msmith12,1633,b7d89fc8ab09b25ce17c64b4b4938f8f93d0f535
msmith13,3319,7a1de9fbc0aad23e0caa71389b90201d15a912f6
mtan2,239,565402b8eaccfb9b23569a6239b57743f5185bab
mthomas2,3716,0fcaa31edae7442a6d052c13e030c6e064049727
mthomas8,504,8bfff86a1d67164f688bc4539ed97b6c0dcdcf7e
mtorres3,2395,cce386189bff8908b102a5fa02b9164b07e6be7b
mturner4,2791,e4750dbe49eb7f6030b704b169cd8af70324ca8b
mwhite6,3786,51a4344abed6d8902b0a10495b523960868d494d
mwilson4,2007,9bc38b71528cacb68223ff31c18d8d695a8c347c
mwilson7,3157,aa7fb49efd037dd17b9467b7ebb842e6aa6fa55e
mwilson9,874,c459207ceb4452df60355d9c0187ca5d2bb28683
njones2,1791,7186ebfb69adb98029cce10975245bf1e6c44194
nkhan2,1558,8280d224b658a5f0ede101b6d18339c7c5bde01d
nkhan6,2322,546ecf61a0255366676187b3e71574eea8b990bb
nlopez2,4459,de9ebd126abe87757bd68c412f79f5eb24e8cc79
npatel3,4917,8154b06d2b08f9d0b4c40518d7c7f7361cdd7d62
npatel4,868,91b006da3609a50218a32f45b5a333f0cafb2083
ntaylor2,3379,4c3054baf6d360c82a71ffc7e1dafa2784c1a9ed
pjain2,1207,e9f3c674ec905103bead21b636c7e5b6f70f92af
pjohnson4,3310,88b0d1ba20efd7a02be66a5a5d19c1d709b3ea00
pjones4,2716,65c70e5e4d37843a6fd797763c985f9993cab001
pmiller2,3508,f76a20326b5c5b8ff98faaadd8cb788b6e2ca594
psingh5,493,e1f274f9c0dae6b1fbaf114301826c6c5f1d8c6c
psmith8,167,a96f57146566d940ba958daf235faa7c6518f2ff
pwalker,7777,d647066df6399622d9184a6e11e55c63ff6149b0
rahmed4,4886,310f2ff14146ccd41140be2557e47503eb909d69
rali3,3616,55c3b5386c486feb662a0785f340938f518d547f
randerson3,4517,ff297dd696fc4aabe14e0e41348e438cf63f516d
rbaker3,2765,97b2d7708a729b36062b69c1a83cda88bd181655
rbrown2,3982,b263590f6d86c3b133c6bfac571f89714ea7adb1
rdavis5,1678,de5d1b49d39e9faad1bf6e0e0c6b7a2d8d600006
rgupta2,315,fa1726d2119eb276a783298b29482e0078637067
rjain3,1506,c794a401a9c39ff5d022f7a1b66a5b526f0573f6
rjames3,917,f897e1505de92bd3180956e2222355b4cef22c34
rkhan6,854,098bea49a30285c02491d69f842b67758179c131
rkumar14,2866,5c4058c16450d8cdbfd7617b71ecb8b862eb16a0
rkumar16,1950,5011d4e71187b6e551d91fe79d1c64ba5b62d191
rkumar3,4349,596ff39fadd8d8f12f82ec6c8436320a0e6eda81
rkumar4,1434,f19d9eb1f727fe500b9f7618b4d4aded05d571c1
rlee5,3046,e1c905b5df92ee524f6a945b9c4ddbd666c83b1e
rmartin3,4087,4263717d21cfaad0996018dd92fc92dea6896e62
rmartinez3,1469,8f59333f6429ee1515e33c309f9ba5478478a6a4
rmiller5,4172,c02a6ec5dfd73cfc10ca7de517ef168a97d0aa71
rpatel2,4669,3de2887990a83468901a8885946f488660d9261b
rreyes3,679,2837798f6b335141350a4ae18abc8f1ca4d426a9
rrivera3,3962,b3596048c772cc64ae3458c9f2b7685e2a9a767f
rsantos4,2578,fcab65934360e1719159c5718cb5a6c08a2515dd
rsharma10,4063,c4a3dd8c9cbd1426c540cad5cc134457446cc274
rsharma4,318,90e39186afc206aaa5a9270166270630f5c18b52
rsharma9,51,4040e787b8dc951ff123cacb3422b3efe3997044
rsingh5,1552,cc2a5e211d260b1ed780549c4e41c846f291c18a
rsingh8,2277,b8f37731ef79d342523ce629b4ec6c829e990151
rward2,1322,1048b55e139edd214f29c4cceb2b72e00f434754
rwilson3,1897,f4d4dba08267c92ec9bc824e8d42ecb39520725f
ryadav2,2005,7c7362dc4eb6b3654f70774f8307610d1896c17d
sahmad2,3902,b750040b1eec566fbf36d52393d7c245a7f78083
sahmed10,4370,1501ff55aea270eaed70ae43fe244a7183a50a78
sahmed5,1248,67a9508bf126d6f7df0e76da68b8675dc0544e79
salam2,1601,cb54db33854702097a70d3d88184183f7cd630c7
salexander2,1923,c8f4a59a028c13861a3bd4c93e3ee0bc8878dbf7
sali5,3935,06d1f52600d788d9fe2058995b0cb47afb29f87b
sali7,2853,6f4ca968b954140c8bf6d4c27a3cab5c57733250
sanderson6,1648,bb43ce2f889d92128e732aad3d1248cb784ddb40
sbell3,3998,f31fd501e38e40a0756142be67eb94c54a20cb2f
sbrown11,1414,bcc58a23322dee1ca50bbf3ecd2cd36952c4ab60
sbrown4,4027,4df083f0c046d838ab10ccbcfdeef7b4daab8fd8
scarter3,2064,96ba507b78674fd9fe830f9d20fb714c28c3f6dc
sclark3,3680,28beefe0a2c7308b9bad7cb0cee51cba74fc5965
sclark5,3936,a9f13d3d1d060ef8599414d5e4833d7ee8b16057
scollins3,2773,84f7d5edf13d6084776ba4c4f795c88d11753da8
scooper3,2537,b0c817b19164d7ab6f3d051a38c4e3300e5a4f52
sdas2,2244,3ade9e8fef9235c389ba21ea9106255f24af8e9a
sdavis6,2963,77f688cfde3b5de7797d4202f171e93c2e37d89e
sdavis8,3541,51bc13d4c2a6f2d77bc1b28c66725321e4ce151d
sevans3,4545,f35642e51674c498ca2f7d80f66cb461a715dd27
sgarcia2,4808,cb03f621880d9729a6a9233b4a7de0ed378b5868
shall4,4346,89d8d6ba47b7fe6b34728a936fffabe1de935a36
shassan3,1533,76f6117a5eff0a151da638217291477d45cdc32f
sjackson6,2555,b8ed39fcc4ae3193c0655c3a35a234e063875e2e
sjames4,3209,2b67fc69bcb203c83e1e16215cdb3f5008ebd3c9
sjohn2,3631,88913b22049922e56ab9d743babffd05ba27f333
sjohnson7,1781,79aa38405c78f91dd64b7db126ca80b1947a1dd2
sjohnson9,1854,cb2960b7d89a223edd7fb079b4002568b597f57b
sjones9,2720,93f30895e85ff4ae341d2bccd6773baf4fc0a26e
skapoor2,2936,a3842514707e9746625c8d1a78192db9d1098281
skhan12,4855,84ae1ea33d1abefa88ab10354dae4de338490847
skhan15,2942,1a92c4679515e79bc2742dd46d371325a8f39ba8
skhan16,452,618e02fc80fa3a0bd41d65f5b54a11fc50426d12
skumar12,3372,f8bbff024e7d04d98a349ccb0984ad85d8ba86fa
skumar17,1173,255803ff585209e60d79df70e6cb13584b750b40
slee2,1512,8d18cfc1bebb9ab1f5df2f118732a5dad0411d78
slee7,477,14e366407c0fa949cdef55d3e90c981e4e9c1f4b
slewis5,1701,19d18fd90982394271fe6edb56b47af4dc9832ab
smartinez4,4753,7bbdafa6fed57f7e22f59b5c1edbb077b9047eb4
smiller4,2758,e6c3fbd72817ad7533bfa417ddbae34a7c4c273a
smitchell3,316,1520634979d1c0906945ebbfd6bf93521fd2183c
smoore6,2910,186be54715a504e1bc35bf161dc28938c941ec1d
snelson2,4170,7e2d0f58922703b3fbebed65e0c2200cc5a6bbb5
snelson3,1465,03b8f923dfdccd4e567340d0f4c576d817bbf167
spatel3,4822,9c5de0228473020e78e2f7fe8d6c2ef4d344ce5f
spatel5,4333,d15a3eb0abba0f7dab8673363cabf0fb73017b32
sperez2,1389,5a0b7429af61c051e77cbc31d4c080b383a8dea9
spowell2,2994,23c707b6886b302d60e004ff67cda6541feb0d5d
sraj2,994,0f99c625f9dcf98b201cc986d88aa2ba7e3d07e7
srana2,4520,f1636a00a5e6ea0f2cead7ca111186c432af8a0a
srobinson3,2906,ca07bef509484ca3adadde8a3f0d07e6506e8a2d
srussell2,2657,22d0a7d2796fcb2085cc885f81b8ed033c03c4b9
ssanchez2,4001,549bdbf08705a05e6852275710b9a630677cb2d2
sshah6,1287,54534f0a8bbece75ef8504dc30151cfd2b3ef045
sshaikh3,338,5a4404aa4dc87c58fdb828d4fea74ec56a5c9b52
sshaw2,3423,a2730e79456da0165cc08488590097848ab4d656
ssingh11,1454,2ede80014d706ac2b806939955bdaf8042926d2f
ssingh13,3266,2f65de4f0a24d559b697417948df73586aebb167
ssingh15,2961,449ee4e755f602785f65232f0f30dc317c9e8034
ssingh19,4274,244f7c500c0bfa02719c5a3f78bb1d2ee291de51
ssmith3,3143,508ddd706a4731b5709f74f77c0b13d3aa88e777
sstewart3,2228,aaf6b3714a596d40128fff71b9b407de2ccabedf
sturner4,2861,9e4bea7facfceaf99002e830a1251cafc74a83c3
swhite2,741,890d16d97a5d337b6fc437c49c81c29d66ac0d6b
swilliams17,2090,8be778464200ea8fe46e15b60a81a5ec13706dc0
swilliams2,1300,18e236062964e6558fd30fd1f5220bf9e78afe29
swilson7,3083,218f80e362cfbdbc886c205a7684f7826de9774e
tahmed2,1293,7daac2967f4e3f931f05c65e9aeeefb7bc32f344
tanderson6,1427,8a97137fe9a53b012812d6cbf56fac782d6ed081
tcooper2,443,39e9cbd7e44221e12431e2e2b1cabce886b47c8e
tdavis6,2926,b566e0ade765147772ec4fb2411a890b0ee1f4dd
tharris2,4030,5676cd428fc11947bd47ebf3cbc53267d4759a01
tjohnson5,3459,126750646bee2f7620b06ddf5c53b689acf28d8d
tmorgan2,4817,783e4ade7554ae77a286b1cbf8df1d1068a37071
tmurphy2,4887,d771696a6651c4c4e3d11004890ca67e09365b93
tscott2,1799,f4bf8806b0074e007f97504dcb52699a7ff924a4
tsmith11,4890,8f88a446209a3a5d653382bad184e8b7fe642837
tsmith3,4666,dafeb20196689afc46dd6ebfee416c13ae547cb4
tsmith9,1408,fe703d258c7ef5f50b71e06565a65aa07194907f
ttaylor4,4597,ea12e52ff92b69960aa6fd42db3b6354a80ff8b3
ttran2,521,7e703e5855ca38fcec90c2a65cdc99e280c75157
tward2,1396,e43bb5c2108813f040a39c73487e7dad244035cf
twhite2,1367,b547b91173389fa5fd9ca2a29aff5f588475c30f
twilliams3,1352,c9a7265ac77bddfbbc6ba92b6222446d920b1c22
twilliams6,1822,2624ddfcd8abe642e6dd006a407c0a1d6fb42178
twilliams7,3480,095fd63ec4594cc8117cce148c660d64ba02adab
twilson4,4868,fe1d7a3947bed6b9a2aaf0bd3535aa268e030e6f
twilson6,3979,ccc2dbffad465af18297b4f3afc02a57d89da084
tyoung4,307,fc0409f261df977410878ce99b05f59c94db8b4c
ukhan2,918,c02a20040d57c3b9f991a1bdd43aeae1a1d2ff7e
vgarcia2,2,4847fba7c1dbebf7c2eea7498a17abe576255c62
vkumar3,85,1a374c9ae69880c7dd9b8984a651361436e43477
vnguyen2,2200,e17fda844ecb0a9fbdfb0ee88fcc7f237af75133
vshah2,209,cb6423cf5b289a8f7899cc90cd8d808db32a7928
vsingh5,185,7f06c04d59bd83605193621e8d0d693bd30cdc9e
wjohnson2,501,0b71c308e5f6e04e66a21246ecf85569b9c05189
wsmith2,1513,cc3750ad952d649435ac1ae734e5c1ad14dd0a46
wwilliams2,1749,63982e54a7aeb0d89910475ba6dbd3ca6dd4e5a1
zali3,4091,f3cb23f95572b37250bce5547e5fbf5e6c105a60
zkhan4,4975,2d5fcd84da71f097777c63e1000eed306b77d366